"Data relating to ""Chart 1a. Annual growth rate of euro area loans to households""",,,,,,,,,,,,,,,,,,,,,,,,,
Data Source in SDW: https://sdw.ecb.europa.eu/browseTable.do?org.apache.struts.taglib.html.TOKEN=cf37076737b6627a1e25c43f6b21c875&df=true&ec=1&dc=&oc=0&pb=1&rc=0&DATASET=0&removeItem=&removedItemList=&mergeFilter=&activeTab=BSI&showHide=&MAX_DOWNLOAD_SERIES=500&SERIES_MAX_NUM=50&node=SEARCHRESULTS&q=BSI.M.%3F%3F.N.A.A20T.A.I.U2.2250.Z01.A&type=series&legendRef=reference&legendPub=published&legendNor=&SERIES_KEY_checkall=on&SERIES_KEY=117.BSI.M.AT.N.A.A20T.A.I.U2.2250.Z01.A&SERIES_KEY=117.BSI.M.BE.N.A.A20T.A.I.U2.2250.Z01.A&SERIES_KEY=117.BSI.M.CY.N.A.A20T.A.I.U2.2250.Z01.A&SERIES_KEY=117.BSI.M.DE.N.A.A20T.A.I.U2.2250.Z01.A&SERIES_KEY=117.BSI.M.EE.N.A.A20T.A.I.U2.2250.Z01.A&SERIES_KEY=117.BSI.M.ES.N.A.A20T.A.I.U2.2250.Z01.A&SERIES_KEY=117.BSI.M.FI.N.A.A20T.A.I.U2.2250.Z01.A&SERIES_KEY=117.BSI.M.FR.N.A.A20T.A.I.U2.2250.Z01.A&SERIES_KEY=117.BSI.M.GR.N.A.A20T.A.I.U2.2250.Z01.A&SERIES_KEY=117.BSI.M.IE.N.A.A20T.A.I.U2.2250.Z01.A&SERIES_KEY=117.BSI.M.IT.N.A.A20T.A.I.U2.2250.Z01.A&SERIES_KEY=117.BSI.M.LT.N.A.A20T.A.I.U2.2250.Z01.A&SERIES_KEY=117.BSI.M.LU.N.A.A20T.A.I.U2.2250.Z01.A&SERIES_KEY=117.BSI.M.LV.N.A.A20T.A.I.U2.2250.Z01.A&SERIES_KEY=117.BSI.M.MT.N.A.A20T.A.I.U2.2250.Z01.A&SERIES_KEY=117.BSI.M.NL.N.A.A20T.A.I.U2.2250.Z01.A&SERIES_KEY=117.BSI.M.PT.N.A.A20T.A.I.U2.2250.Z01.A&SERIES_KEY=117.BSI.M.SI.N.A.A20T.A.I.U2.2250.Z01.A&SERIES_KEY=117.BSI.M.SK.N.A.A20T.A.I.U2.2250.Z01.A&SERIES_KEY=117.BSI.M.U2.N.A.A20T.A.I.U2.2250.Z01.A,,,,,,,,,,,,,,,,,,,,,,,,,
,Adjusted loans to euro area households reported by MFIs excluding ESCB (index),,,,,,,,,,,,,,,,,,,,,,,,
,ECB statistics,,,,,,,,,,,,,,,,,,,,,,,,
,BSI.M.AT.N.A.A20T.A.I.U2.2250.Z01.A,BSI.M.BE.N.A.A20T.A.I.U2.2250.Z01.A,BSI.M.CY.N.A.A20T.A.I.U2.2250.Z01.A,BSI.M.DE.N.A.A20T.A.I.U2.2250.Z01.A,BSI.M.EE.N.A.A20T.A.I.U2.2250.Z01.A,BSI.M.ES.N.A.A20T.A.I.U2.2250.Z01.A,BSI.M.FI.N.A.A20T.A.I.U2.2250.Z01.A,BSI.M.FR.N.A.A20T.A.I.U2.2250.Z01.A,BSI.M.GR.N.A.A20T.A.I.U2.2250.Z01.A,BSI.M.IE.N.A.A20T.A.I.U2.2250.Z01.A,BSI.M.IT.N.A.A20T.A.I.U2.2250.Z01.A,BSI.M.LT.N.A.A20T.A.I.U2.2250.Z01.A,BSI.M.LU.N.A.A20T.A.I.U2.2250.Z01.A,BSI.M.LV.N.A.A20T.A.I.U2.2250.Z01.A,BSI.M.MT.N.A.A20T.A.I.U2.2250.Z01.A,BSI.M.NL.N.A.A20T.A.I.U2.2250.Z01.A,BSI.M.PT.N.A.A20T.A.I.U2.2250.Z01.A,BSI.M.SI.N.A.A20T.A.I.U2.2250.Z01.A,BSI.M.SK.N.A.A20T.A.I.U2.2250.Z01.A,BSI.M.U2.N.A.A20T.A.I.U2.2250.Z01.A,,,,,
,Austria,Belgium,Cyprus,Germany,Estonia,Spain,Finland,France,Greece,Ireland,Italy,Lithuania,Luxembourg,Latvia,Malta,Netherlands,Portugal,Slovenia,Slovakia,Euro area (changing composition),,,,,
Period\Unit:,[Percentage change ],[Percentage change ],[Percentage change ],[Percentage change ],[Percentage change ],[Percentage change ],[Percentage change ],[Percentage change ],[Percentage change ],[Percentage change ],[Percentage change ],[Percentage change ],[Percentage change ],[Percentage change ],[Percentage change ],[Percentage change ],[Percentage change ],[Percentage change ],[Percentage change ],[Percentage change ],,,,,
08-2011,2.1,6,6.8,0.8,-1.8,-2.3,5.9,6.3,-2.7,-4.4,4.7,-2.3,5.7,-,5.8,1,-0.7,3.8,12.6,1.8,,,,,
09-2011,1.5,6,6.2,0.8,-1.8,-2,5.9,6.1,-3.3,-4.3,4.5,-2.1,4.7,-6,5.6,1,-1.1,3,12.3,1.8,,,,,
10-2011,1.9,5.9,5.9,0.8,-1.7,-2.5,5.8,6,-3.7,-4.2,4.3,-1.9,5.9,-5.6,5.7,1,-1.4,2.4,12.2,1.7,,,,,
11-2011,1.7,6,5.6,0.8,-1.6,-2.4,5.6,5.4,-4,-4.3,3.8,-1.8,5.4,-5.5,5.8,0.9,-1.8,2.3,11.8,1.5,,,,,
12-2011,1.5,5.3,4.7,0.7,-2.2,-2.7,5.6,4.5,-4.3,-3.8,3.4,-1.7,5.2,-6.2,6.2,0.8,-2.2,1.7,11.1,1.2,,,,,
01-2012,1.4,5.9,4.8,0.9,-2.4,-2.8,5.6,4.9,-4.5,-4,3.1,-1.7,6.9,-6,6,0.7,-2.6,1.4,11.6,1.3,,,,,
02-2012,1.5,5.8,4.5,0.9,-2.4,-3,5.6,4.4,-4.8,-4,2.7,-1.7,6.1,-5.9,6,0.6,-2.9,1.1,11.5,1.1,,,,,
03-2012,1.3,5.2,4,1,-2.1,-3,5.7,4.2,-4.8,-3.9,2.2,-1.7,6.2,-5.8,6,0.5,-3.1,0.7,11.1,1,,,,,
04-2012,1.1,5.1,3.9,1,-2.1,-3.2,5.6,4,-4.7,-4,1.8,-1.6,5.1,-5.8,5.9,0.4,-3.4,0.1,10.8,0.8,,,,,
05-2012,0.8,4.9,3.6,1,-2,-3.4,5.6,3.6,-4.6,-3.9,1.3,-1.6,4.2,-5.7,5.7,0.2,-3.6,-0.2,10.4,0.6,,,,,
06-2012,0.3,5.2,2.7,1,-2,-3.6,5.6,3.4,-4.5,-3.9,0.8,-1.5,4.5,-5.6,5.3,0.2,-3.7,-0.6,9.9,0.5,,,,,
07-2012,0.3,4.9,2.5,1.1,-1.9,-3.6,5.6,3.1,-4.5,-3.6,0.6,-1.6,4.3,-5.5,5,0.1,-3.9,-1,10.1,0.4,,,,,
08-2012,0.1,5.1,2.3,1.1,-2.6,-3.5,5.5,2.9,-4.9,-3.6,0.4,-1.6,4.8,-5.7,5,0,-4,-1,9.9,0.3,,,,,
09-2012,0.6,4.8,2.3,1.1,-2.5,-3.7,5.3,2.8,-4.8,-3.6,0,-1.6,5.7,-5.6,4.8,-0.1,-4.1,-1.3,9.8,0.2,,,,,
10-2012,0.4,4.7,1.9,1.2,-2.5,-3.7,5.2,2.7,-4.6,-3.6,-0.1,-1.3,5.5,-5.6,4.7,-0.2,-4.3,-1.4,10.1,0.2,,,,,
11-2012,0.3,4.5,1.5,1.3,-2.4,-3.6,5.1,2.7,-4.4,-3.6,-0.4,-1.2,6,-5.6,4.5,-0.3,-4.3,-1.6,10.2,0.2,,,,,
12-2012,0.6,4.1,1.7,1.3,-2.3,-3.9,4.9,2.5,-4.3,-3.8,-0.5,-1.5,5.6,-5.3,4.4,-0.4,-4.4,-1.7,10.3,0.1,,,,,
01-2013,0.6,3.4,1.3,1.2,-1.9,-3.9,4.6,2,-4.2,-3.9,-0.7,-1.3,3.7,-5.3,4.3,-0.5,-4.4,-1.8,9.9,-0.1,,,,,
02-2013,0.3,3.2,0.9,1.3,-1.9,-4.1,4.5,2.1,-4.2,-4.1,-0.7,-1.4,3.9,-5.2,4.1,-0.6,-4.4,-1.9,9.9,-0.1,,,,,
03-2013,0,3.4,0.4,1.2,-1.9,-4.1,4.2,2,-4.1,-4.1,-0.8,-1.3,3.7,-5.2,4,-0.6,-4.4,-2.1,9.9,-0.2,,,,,
04-2013,0,3.2,-0.9,1.2,-1.6,-4.3,3.9,2.1,-4.1,-4.1,-0.8,-1.2,5.1,-5,3.9,-0.7,-4.5,-1.9,10,-0.2,,,,,
05-2013,0,3,-1.7,1.2,-1.5,-4.3,3.6,2.2,-4.1,-4.2,-1,-0.8,5.3,-5.3,4,-0.9,-4.5,-2.1,10.1,-0.2,,,,,
06-2013,0.3,2.5,-2.2,1.2,-1.4,-4.3,3.3,2.1,-4,-4,-1,-0.7,5.2,-5.3,4.4,-1.1,-4.5,-2.1,10,-0.3,,,,,
07-2013,0.4,2.5,-2.9,1.2,-1.2,-4.3,3.1,2.3,-4,-4.3,-1.1,-0.3,5.5,-5.3,4.4,-1.3,-4.5,-2.3,10.1,-0.3,,,,,
08-2013,0.4,2.1,-3.6,1.3,-0.4,-4.2,2.8,2.3,-3.3,-4.2,-1.2,-0.4,5.2,-5.2,4.5,-1.3,-4.4,-2.2,10.2,-0.2,,,,,
09-2013,0.6,2.2,-4,1.3,-0.2,-4.5,2.6,2.5,-3.3,-4.1,-1.1,-0.4,4.8,-5,4.3,-1.4,-4.4,-2.4,10.3,-0.2,,,,,
10-2013,0.5,2.2,-4.6,1.2,0,-4.6,2.4,2.4,-3.2,-4.1,-1.3,-0.3,4.4,-5,4.4,-1.5,-4.3,-2.5,10.3,-0.3,,,,,
11-2013,0.6,2.2,-4.5,1.1,0.1,-4.6,2.2,2.4,-3.1,-4.1,-1.5,-0.2,4.6,-4.9,4.4,-1.5,-4.2,-2.7,10.3,-0.3,,,,,
12-2013,0.6,2.2,-4.6,1.2,0.4,-5,2.1,2.6,-3.1,-3.9,-1.3,0,3.9,-4.8,4.3,-1.7,-4.1,-2.8,10.3,-0.3,,,,,
01-2014,0.5,2.3,-5.2,1.1,0.6,-4.9,2.3,2.4,-3,-3.9,-1.3,-0.3,3.8,-4.8,4.6,-1.5,-4.1,-2.7,10.4,-0.3,,,,,
02-2014,0.5,2.3,-5.3,1.2,0.8,-4.8,2.2,2.7,-2.9,-3.7,-1.2,-0.1,4.5,-4.7,4.7,-1.6,-4.1,-2.6,10.6,-0.2,,,,,
03-2014,1.2,2.4,-5,1.2,1.1,-4.8,2.1,2.7,-3,-3.7,-1.1,0.2,4.5,-4.6,5,-1.7,-4,-2.5,10.9,-0.2,,,,,
04-2014,1.2,2.4,-4.3,1.2,1.2,-4.7,2.2,2.6,-2.8,-3.7,-1.1,0.4,4,-4.9,5.1,-1.7,-3.9,-2.4,11.1,-0.2,,,,,
05-2014,1.2,2.6,-3.9,1.3,1.3,-4.7,2.2,2.5,-2.6,-3.7,-1,0.4,4.3,-4.5,5.2,-1.6,-3.8,-2.3,11.4,-0.1,,,,,
06-2014,1.3,2.7,-3.6,1.3,1.4,-4.5,1.9,2.6,-2.5,-3.8,-0.9,0.4,4.1,-4.5,5.6,-1.5,-3.7,-2.4,11.7,-0.1,,,,,
07-2014,1.1,2.5,-3.4,1.3,1.6,-4.6,2,2.5,-2.6,-3.8,-0.8,0.5,4.1,-4.3,5.6,-1.5,-3.6,-2.1,11.8,-0.1,,,,,
08-2014,1.3,2.6,-2.8,1.3,1.9,-4.8,2,2.5,-2.6,-3.7,-0.8,0.8,3.7,-4.4,5.7,-1.5,-3.6,-2.2,11.9,-0.1,,,,,
09-2014,1,2.6,-2.9,1.3,2,-4.3,2,2.2,-2.5,-3.7,-0.7,1,4.5,-4.2,5.7,-1.4,-3.6,-2.1,12.2,-0.1,,,,,
10-2014,1.3,2.6,-2.7,1.4,2.1,-4.2,2,2.2,-2.7,-3.8,-0.6,1.2,4.8,-4,5.8,-1.5,-3.6,-2,12.3,0,,,,,
11-2014,1.5,2.8,-2.7,1.5,2.3,-4.1,2,2.2,-2.6,-3.7,-0.5,1.4,4.8,-3.9,6.2,-1.5,-3.6,-1.8,12.4,0.1,,,,,
12-2014,1.1,3.8,-2.7,1.5,2.5,-3.9,1.9,1.9,-2.6,-3.6,-0.5,1.5,4.2,-3.9,6.8,-1.3,-3.5,-1.5,13.2,0.1,,,,,
01-2015,1.1,3.6,-2,1.6,2.5,-3.8,1.8,2,-2.7,-3.5,-0.5,2,4,-3.8,7.1,-1.5,-3.5,-1.4,13.1,0.1,,,,,
02-2015,1.1,3.8,-1.8,1.6,2.6,-3.7,1.9,1.8,-2.7,-3.5,-0.5,2,3.3,-3.9,7.2,-1.3,-3.4,-1.4,13.4,0.1,,,,,
03-2015,1.1,3.9,-1.9,1.7,2.7,-3.4,1.9,1.9,-2.8,-3.5,-0.3,2,3.3,-3.7,6.9,-1.1,-3.4,-1.2,13.5,0.3,,,,,
04-2015,1,4,-1.5,1.8,3.1,-2.8,2,2,-2.8,-3.4,-0.2,2.2,2.9,-3.4,7,-1.1,-3.3,-1.2,13.4,0.5,,,,,
05-2015,1.2,4.1,-1.3,2,3.4,-2.8,2,2,-3,-3.4,-0.1,2.3,3.1,-3.2,7.2,-1.1,-3.2,-1,13.1,0.5,,,,,
06-2015,0.9,4.4,-1.3,2,3.5,-2.7,2.1,2.3,-2.9,-3.6,0.1,2.9,3.3,-3.2,7.2,-1,-3.3,-0.8,13.3,0.6,,,,,
07-2015,1.1,4.6,-1.1,2.3,3.7,-2.6,2.2,2.5,-2.9,-3.3,0.2,3,3.4,-3.2,7.3,-0.9,-3.1,-0.7,13.6,0.8,,,,,
08-2015,1.4,4.8,-1,2.4,3.6,-2.4,2.1,2.7,-2.9,-3.4,0.3,3.4,5,-2.9,7.5,-0.7,-3.1,-0.5,13.8,1,,,,,
09-2015,1.5,5,-0.6,2.5,3.6,-2.4,2.2,3.1,-3,-3.5,0.4,3.7,4.6,-2.9,8.3,-0.8,-2.9,-0.3,13.7,1.1,,,,,
10-2015,1.4,5.2,-0.4,2.6,3.7,-2.2,2.4,3.2,-2.7,-3.4,0.5,4,4,-2.8,8,-0.7,-2.7,0.3,13.5,1.2,,,,,
11-2015,1.6,5.1,-0.4,2.7,3.8,-2,2.3,3.4,-2.8,-3.5,0.8,4.4,3.8,-2.7,7.4,-0.8,-2.6,0.5,13.7,1.3,,,,,
12-2015,1.9,4.3,-1,2.8,3.9,-2.2,2.6,3.5,-2.9,-3.6,0.7,4.9,4.8,-2.5,6.5,-1,-2.6,0.6,13.1,1.3,,,,,
01-2016,2.1,4.7,-1.2,2.8,4.1,-2,2.6,3.5,-2.8,-3.5,0.8,5.2,4.7,-2.5,6.2,-0.9,-2.5,0.8,13.1,1.4,,,,,
02-2016,2.5,4.8,-1.1,2.9,4.2,-2,2.6,3.7,-2.7,-3.6,1,5.7,4.8,-2.2,5.9,-0.9,-2.4,1,13,1.5,,,,,
03-2016,2.4,4.8,-1.1,2.9,4.4,-1.8,2.6,3.8,-2.8,-3.5,1.1,6,5.2,-2.1,5.7,-1,-2.3,1.3,12.9,1.6,,,,,
04-2016,2.3,4.9,-1.1,3,4,-2.2,2.8,3.6,-2.7,-3.4,1.2,6.4,5.4,-1.6,5.6,-0.9,-2.2,1.8,13,1.5,,,,,
05-2016,2.5,4.9,-1,2.9,4.2,-2,2.6,3.8,-2.7,-3.4,1.5,7,5.1,-1.4,5.3,-0.8,-2.2,2.1,13.4,1.6,,,,,
06-2016,2.8,4.8,-1.3,3,4.4,-1.7,2.8,3.9,-2.8,-3.2,1.5,7.4,5.4,-0.8,4.9,-0.8,-2.1,2.4,13.4,1.8,,,,,
07-2016,3,4.9,-1.1,2.9,4.3,-1.5,2.8,3.9,-2.7,-3.1,1.5,7.8,4.9,-0.6,4.7,-0.9,-2,2.4,13,1.8,,,,,
08-2016,3,5,-1.1,2.9,4.6,-1.6,2.7,4.1,-2.7,-3.1,1.6,7.8,3.2,-0.3,4.7,-0.9,-2,2.8,13,1.8,,,,,
09-2016,3.1,5,-1,2.9,4.8,-1.6,2.8,4,-2.7,-3.1,1.7,7.9,3.3,-0.1,3.8,-0.7,-1.9,3.2,13,1.8,,,,,
10-2016,3.2,5,-0.8,2.9,4.9,-1.6,2.5,4.1,-2.8,-2.8,1.8,7.9,4.4,0.3,4,-0.6,-1.8,3.3,12.9,1.9,,,,,
11-2016,2.9,5.2,-0.8,2.9,5,-1.6,2.6,4.2,-2.7,-2.7,1.8,8.2,4,0.6,4.5,-0.5,-1.8,3.8,13,1.9,,,,,
12-2016,3.1,5.3,-0.9,2.8,5.3,-1.2,2.5,4.4,-2.8,-2.6,1.9,8.2,4.1,0.6,5,-0.6,-1.6,4.9,13.3,2,,,,,
01-2017,3,5.4,-0.7,2.9,5.6,-1.2,2.5,5,-2.7,-2.4,2.2,8.5,4.6,0.8,5.2,-0.4,-1.7,5.4,13.4,2.2,,,,,
02-2017,2.9,5.5,-0.7,2.8,5.5,-1.1,2.5,5.2,-2.7,-2.3,2.2,8.5,4.4,0.8,5.6,-0.3,-1.5,5.8,13.4,2.3,,,,,
03-2017,2.6,5.5,-0.4,2.9,5.7,-1,2.6,5.4,-2.6,-2.2,2.4,8.6,4.5,0.9,5.7,-0.3,-1.4,6.5,13.8,2.4,,,,,
04-2017,3,5.6,-0.3,2.9,5.9,-1,2.5,5.6,-2.4,-2.1,2.4,8.4,4.6,0.7,5.9,-0.2,-1.2,6.6,13.5,2.5,,,,,
05-2017,3.1,5.6,-0.2,3.1,6,-0.9,2.4,5.9,-2.3,-2,2.5,8.3,5,0.8,5.7,-0.2,-1.2,7,13.5,2.6,,,,,
06-2017,2.9,5.6,0,3,6.2,-0.9,2.4,5.8,-2.3,-1.9,2.6,8.2,4.8,0.6,5.7,-0.3,-1.1,7.1,13.3,2.6,,,,,
07-2017,3.1,5.6,0,3,6.4,-1,2.3,5.9,-2.2,-1.8,2.7,8,5.5,0.6,6,-0.1,-0.9,7.6,13.3,2.7,,,,,
08-2017,2.9,5.5,0.2,3.1,6.9,-0.8,2.5,5.8,-2.1,-1.7,2.7,8.2,6.1,0.7,6.2,-0.1,-0.8,7.7,13.3,2.7,,,,,
09-2017,2.6,5.5,0.1,3.1,7,-0.7,2.6,5.8,-2,-1.5,2.6,8.1,6,1,6.5,-0.2,-0.6,7.9,13,2.7,,,,,
10-2017,2.7,5.3,0,3.1,7.1,-0.7,2.7,5.9,-2.1,-1.5,2.8,7.9,5.4,0.7,6.5,-0.2,-0.6,7.8,13.1,2.7,,,,,
11-2017,3.1,5.3,0.1,3.1,7.2,-0.5,2.7,5.9,-2,-1.5,2.8,7.7,6.4,0.5,6.6,-0.2,-0.4,7.9,12.8,2.8,,,,,
12-2017,3,5.2,0,3.2,7,-0.5,2.7,6,-2,-1.5,2.8,7.6,7.8,0.6,6.5,0,-0.2,7.2,12.4,2.9,,,,,
01-2018,3,5.2,0.1,3.3,7.2,-0.5,2.5,5.9,-2.1,-1.5,2.8,7.4,7.4,0.6,6.8,0,-0.1,7.3,12.6,2.9,,,,,
02-2018,3.1,5.3,0.1,3.4,7.3,-0.5,2.6,5.7,-2.1,-1.4,2.8,7.4,7.9,0.5,6.4,-0.1,-0.1,7,12.4,2.9,,,,,
03-2018,3.1,5.3,0,3.5,7.1,-0.2,2.5,5.6,-2.1,-1.4,2.8,7.2,8.3,0.4,6.8,-0.1,0.1,6.9,11.8,2.9,,,,,
04-2018,3.1,5.3,-0.1,3.5,7.1,-0.2,2.4,5.6,-2.2,-1.5,2.9,7.3,7.6,0.4,6.6,-0.1,0.1,6.8,11.8,2.9,,,,,
05-2018,3.3,5.4,0,3.4,7.2,-0.1,2.6,5.4,-2.2,-1.5,2.8,7.4,7.2,0.5,7,-0.1,0.3,6.8,11.7,2.9,,,,,
06-2018,2.9,5.4,0,3.6,7.2,0.2,2.6,5.3,-2.1,-1.4,2.8,7.4,7.3,0.5,7.1,-0.1,0.5,6.9,11.6,2.9,,,,,
07-2018,2.9,5.5,0.2,3.6,7.1,0.2,2.5,5.5,-2,-1.3,2.9,7.4,7,0.7,7.2,-0.1,0.6,6.8,11.7,3,,,,,
08-2018,2.9,5.6,0.1,3.7,6.6,0.3,2.4,5.6,-2,-1.3,2.8,7.3,7.6,0.7,7,0,0.7,6.8,11.6,3.1,,,,,
09-2018,3.4,5.6,0.3,3.7,6.5,0.4,2.4,5.6,-2,-1.4,2.8,7.2,7.7,0.4,7.4,0.1,0.8,6.8,11.4,3.1,,,,,
10-2018,3.4,5.7,0.4,3.8,6.7,0.5,2.3,5.7,-2.2,-1.2,2.9,7.8,7.8,0.6,7.5,0.2,1,6.9,11.3,3.2,,,,,
11-2018,3.3,5.7,0.5,3.9,6.7,0.6,2.3,5.7,-2.2,-1,2.8,8.2,7.1,0.7,7.7,0.2,0.8,6.9,11.1,3.3,,,,,
12-2018,3.6,5.7,-0.2,3.9,6.6,0.4,2.2,5.6,-2.2,-0.8,2.8,8.6,7.3,0.7,7.5,0.2,0.9,6.8,10.7,3.2,,,,,
01-2019,3.7,6,-0.3,3.9,6.4,0.6,2.4,5.4,-2.2,-0.7,2.7,8.8,7.2,1,7.2,0.2,0.9,6.8,10.4,3.2,,,,,
02-2019,3.7,5.9,-0.2,3.9,6.4,0.6,2.4,5.6,-2.2,-0.7,2.8,8.4,6.9,1.2,7.9,0.3,0.9,7,10.2,3.3,,,,,
03-2019,4,5.9,0,3.9,6.4,0.4,2.4,5.7,-2.2,-0.5,2.7,8.5,6.4,1.4,8,0.1,0.8,6.7,10.1,3.3,,,,,
04-2019,4,5.9,0.1,4,6.6,0.4,2.4,5.8,-2.3,-0.4,2.7,8.8,6.2,1.2,8.3,0,0.8,6.9,9.9,3.3,,,,,
05-2019,3.7,5.9,0.3,4.1,6.4,0.5,2.4,5.9,-2.4,-0.3,2.7,8.6,3.6,1.1,8.2,0,0.8,6.6,9.5,3.4,,,,,
06-2019,4.5,5.8,0,4.1,6.3,0.4,2.4,5.9,-2.5,-0.3,2.5,8.4,3.6,1.3,8.2,0.1,0.7,6.3,9,3.3,,,,,
07-2019,4.4,5.8,0,4.2,6.4,0.3,2.5,6,-2.8,-0.2,2.5,8.5,3.9,1.3,8,0.1,0.7,6.4,8.9,3.4,,,,,
08-2019,4.3,5.7,0.1,4.2,6.3,0.4,2.7,6,-2.8,-0.2,2.4,8.5,3.5,1,8.3,0.2,0.7,6.4,8.6,3.4,,,,,
09-2019,4.3,5.8,-0.2,4.2,6.4,0,2.5,6.2,-2.8,0,2.5,8.4,3,1.2,8,0.2,0.8,6.2,8.6,3.4,,,,,
10-2019,4.3,5.8,-0.2,4.3,6.1,0,2.7,6.3,-2.8,0,2.4,7.9,3.6,1,8.4,0.1,0.9,6.5,8.4,3.4,,,,,
11-2019,4.2,6,-0.3,4.3,6.3,0.3,2.8,6.3,-2.9,0,2.4,7.5,3.8,1,8,0.1,1.1,6.4,8.3,3.5,,,,,
12-2019,4.3,7,-0.2,4.4,6.4,0.2,2.9,6.4,-2.8,0.1,2.6,7.1,2.5,0.9,8.3,0.2,1.2,6.1,8.5,3.6,,,,,
01-2020,4.4,6.6,-0.3,4.5,6.4,0.2,3,6.5,-2.9,0,2.6,7.2,3.3,0.7,8.9,0.1,1.4,5.8,8.7,3.7,,,,,
02-2020,4.4,6.4,0,4.7,6.6,0.3,3.1,6.6,-2.9,0,2.6,7.9,4.2,0.7,8.6,0.1,1.6,5.7,8.7,3.7,,,,,
03-2020,4.4,6.1,0.2,4.6,6.5,-0.2,3,6,-3,-0.1,1.8,7.7,3.1,0.7,8,0.2,1.3,4.4,8.5,3.4,,,,,
04-2020,4,5.5,0.1,4.4,5.8,-0.6,3,5.2,-3,-0.5,1.3,7.2,3.3,0.6,7,0.1,1.2,3,8,3,,,,,
05-2020,3.9,5.4,0.3,4.4,5.5,-0.7,2.9,5.3,-2.9,-0.8,1.4,7,6.2,0.3,6.2,0,1.2,2.6,7.6,3,,,,,
06-2020,4,5.3,0.8,4.3,5.3,-0.8,2.9,5.5,-2.7,-0.9,1.7,6.6,6.2,0,6.2,-0.3,1.2,2.1,7.5,3.1,,,,,
07-2020,4.1,5.2,1.2,4.5,4.9,-0.8,3.1,5.2,-2.4,-1.3,1.8,6.3,6.5,-0.1,6.3,-0.5,1.3,2.2,7.3,3,,,,,
08-2020,4.6,5.2,1.6,4.4,4.8,-0.9,2.9,5.1,-2.3,-1.3,2,6.1,6.8,0,5.8,-0.7,1.5,1.9,7.1,3,,,,,
09-2020,4.4,5.3,1.9,4.5,4.8,-0.6,3.1,5.1,-2.3,-1.5,2.2,6.1,7.1,0.2,5.8,-0.7,1.4,1.8,7,3.1,,,,,
10-2020,4.6,5.5,2.3,4.6,5,-0.3,3.2,5,-2.1,-1.4,2.2,6,7.3,0.2,5.3,-0.7,1.6,1.2,7,3.2,,,,,
11-2020,4.8,5.4,2.6,4.6,5,-0.6,3.1,4.9,-2.1,-1.5,2.3,6,7.2,0.3,5.9,-0.6,1.7,0.8,6.8,3.1,,,,,
12-2020,4.5,4.7,3,4.8,5.1,-0.6,3.3,4.9,-2,-1.5,2.4,6.1,7.7,0.5,5.8,-0.8,1.6,0.7,6.7,3.1,,,,,
01-2021,4.5,4.9,3.1,4.6,5.1,-0.7,3.4,4.6,-2,-1.6,2.2,5.9,7.1,0.4,5.5,-0.7,1.5,0.2,6.2,3,,,,,
02-2021,4.6,5.3,3,4.5,4.9,-0.9,3.4,4.5,-1.9,-1.8,2.4,5.7,6.7,0.1,5.6,-0.6,1.5,0.1,6.1,3,,,,,
03-2021,4.9,5.7,3,4.7,5.2,-0.4,3.6,4.8,-2,-1.8,3.2,6.3,8.5,0.2,6,-0.5,2,1.4,6.3,3.3,,,,,
04-2021,5.5,6.4,3.4,4.9,5.7,0.1,3.9,5.5,-1.8,-1.8,4,6.7,9.8,0.7,7.3,-0.2,2.5,2.2,6.8,3.8,,,,,
05-2021,5.9,6.7,3.4,4.9,6.4,0.3,4,5.4,-1.9,-1.6,3.9,7.2,10.1,1.2,8.6,0,2.8,2.8,7.3,3.9,,,,,
06-2021,5.7,7,3.3,5.2,6.8,0.6,4.1,5.4,-1.8,-1.5,3.9,7.9,10.6,1.7,9.3,0.3,3,3.4,7.7,4,,,,,
07-2021,5.7,7.2,3.1,5.2,7.2,0.7,4,5.8,-2.1,-1.3,3.8,8.3,10,4.3,9.5,0.6,3.2,3.5,7.8,4.2,,,,,
08-2021,5.6,7.3,3,5.2,7.3,0.6,4,5.7,-2.3,-1.2,3.7,8.5,9.9,4.5,9.7,0.7,3.3,3.8,8.2,4.2,,,,,
,,,,,,,,,,,,,,,,,,,,,,,,,
,,,,,,,,,,,,,,,,,,,,,,,,,
"Data relating to ""Chart 1b. Bank interest rate for house purchases""",,,,,,,,,,,,,,,,,,,,,,,,,
Data Source in SDW: https://sdw.ecb.europa.eu/browseTable.do?org.apache.struts.taglib.html.TOKEN=4b7727d97133c68b570da1de0aff0a23&df=true&ec=1&dc=&oc=0&pb=1&rc=0&DATASET=0&removeItem=&removedItemList=&mergeFilter=&activeTab=MIR&showHide=&MAX_DOWNLOAD_SERIES=500&SERIES_MAX_NUM=50&node=SEARCHRESULTS&q=MIR.M.%3F%3F.B.A2C.AM.R.A.2250.EUR.N&type=series&legendRef=reference&legendPub=published&SERIES_KEY_checkall=on&SERIES_KEY=124.MIR.M.AT.B.A2C.AM.R.A.2250.EUR.N&SERIES_KEY=124.MIR.M.BE.B.A2C.AM.R.A.2250.EUR.N&SERIES_KEY=124.MIR.M.CY.B.A2C.AM.R.A.2250.EUR.N&SERIES_KEY=124.MIR.M.DE.B.A2C.AM.R.A.2250.EUR.N&SERIES_KEY=124.MIR.M.EE.B.A2C.AM.R.A.2250.EUR.N&SERIES_KEY=124.MIR.M.ES.B.A2C.AM.R.A.2250.EUR.N&SERIES_KEY=124.MIR.M.FI.B.A2C.AM.R.A.2250.EUR.N&SERIES_KEY=124.MIR.M.FR.B.A2C.AM.R.A.2250.EUR.N&SERIES_KEY=124.MIR.M.GR.B.A2C.AM.R.A.2250.EUR.N&SERIES_KEY=124.MIR.M.IE.B.A2C.AM.R.A.2250.EUR.N&SERIES_KEY=124.MIR.M.IT.B.A2C.AM.R.A.2250.EUR.N&SERIES_KEY=124.MIR.M.LT.B.A2C.AM.R.A.2250.EUR.N&SERIES_KEY=124.MIR.M.LU.B.A2C.AM.R.A.2250.EUR.N&SERIES_KEY=124.MIR.M.LV.B.A2C.AM.R.A.2250.EUR.N&SERIES_KEY=124.MIR.M.MT.B.A2C.AM.R.A.2250.EUR.N&SERIES_KEY=124.MIR.M.NL.B.A2C.AM.R.A.2250.EUR.N&SERIES_KEY=124.MIR.M.PT.B.A2C.AM.R.A.2250.EUR.N&SERIES_KEY=124.MIR.M.SI.B.A2C.AM.R.A.2250.EUR.N&SERIES_KEY=124.MIR.M.SK.B.A2C.AM.R.A.2250.EUR.N&SERIES_KEY=124.MIR.M.U2.B.A2C.AM.R.A.2250.EUR.N,,,,,,,,,,,,,,,,,,,,,,,,,
,Cost of borrowing for households for house purchase,,,,,,,,,,,,,,,,,,,,,,,,
,ECB statistics,,,,,,,,,,,,,,,,,,,,,,,,
,MIR.M.AT.B.A2C.AM.R.A.2250.EUR.N,MIR.M.BE.B.A2C.AM.R.A.2250.EUR.N,MIR.M.CY.B.A2C.AM.R.A.2250.EUR.N,MIR.M.DE.B.A2C.AM.R.A.2250.EUR.N,MIR.M.EE.B.A2C.AM.R.A.2250.EUR.N,MIR.M.ES.B.A2C.AM.R.A.2250.EUR.N,MIR.M.FI.B.A2C.AM.R.A.2250.EUR.N,MIR.M.FR.B.A2C.AM.R.A.2250.EUR.N,MIR.M.GR.B.A2C.AM.R.A.2250.EUR.N,MIR.M.IE.B.A2C.AM.R.A.2250.EUR.N,MIR.M.IT.B.A2C.AM.R.A.2250.EUR.N,MIR.M.LT.B.A2C.AM.R.A.2250.EUR.N,MIR.M.LU.B.A2C.AM.R.A.2250.EUR.N,MIR.M.LV.B.A2C.AM.R.A.2250.EUR.N,MIR.M.MT.B.A2C.AM.R.A.2250.EUR.N,MIR.M.NL.B.A2C.AM.R.A.2250.EUR.N,MIR.M.PT.B.A2C.AM.R.A.2250.EUR.N,MIR.M.SI.B.A2C.AM.R.A.2250.EUR.N,MIR.M.SK.B.A2C.AM.R.A.2250.EUR.N,MIR.M.U2.B.A2C.AM.R.A.2250.EUR.N,,,,,
,Austria,Belgium,Cyprus,Germany,Estonia,Spain,Finland,France,Greece,Ireland,Italy,Lithuania,Luxembourg,Latvia,Malta,Netherlands,Portugal,Slovenia,Slovakia,Euro area (changing composition),,,,,
Period\Unit:,[Percent per annum ],[Percent per annum ],[Percent per annum ],[Percent per annum ],[Percent per annum ],[Percent per annum ],[Percent per annum ],[Percent per annum ],[Percent per annum ],[Percent per annum ],[Percent per annum ],[Percent per annum ],[Percent per annum ],[Percent per annum ],[Percent per annum ],[Percent per annum ],[Percent per annum ],[Percent per annum ],[Percent per annum ],[Percent per annum ],,,,,
08-2011,2.94,3.96,5.18,3.96,3.49,3.56,2.54,3.95,4.58,3.72,3.46,,2.57,,3.4,4.69,4.13,3.9,4.77,3.89,,,,,
09-2011,2.94,3.88,5.29,3.73,3.46,3.56,2.53,3.93,4.51,3.84,3.41,,2.55,,3.36,4.62,4.19,3.92,4.88,3.8,,,,,
10-2011,3.04,3.81,5.26,3.56,3.42,3.63,2.57,3.93,4.52,3.62,3.47,,2.57,,3.32,4.54,4.26,3.95,5.02,3.75,,,,,
11-2011,2.96,3.75,5.25,3.54,3.44,3.6,2.55,3.95,4.37,3.43,3.56,,2.56,,3.36,4.53,4.35,3.98,4.97,3.74,,,,,
12-2011,3.05,3.73,5.5,3.49,3.46,3.58,2.54,3.94,4.11,3.29,3.88,,2.51,,3.38,4.54,4.28,3.96,4.97,3.75,,,,,
01-2012,3.02,3.88,5.26,3.46,3.4,3.7,2.39,3.98,3.95,3.4,4.11,,2.42,,3.38,4.53,4.65,3.9,5.23,3.78,,,,,
02-2012,2.96,3.88,5.19,3.39,3.3,3.69,2.3,4.02,3.74,3.37,4.22,,2.33,,3.28,4.51,4.41,3.81,5.06,3.77,,,,,
03-2012,2.82,3.87,5.32,3.27,3.21,3.6,2.15,4.03,3.48,3.44,4.15,,2.36,,3.29,4.44,4.17,3.7,4.81,3.7,,,,,
04-2012,2.79,3.79,5.35,3.3,3.14,3.45,2.04,3.95,3.41,3.35,4.04,,2.27,,3.33,4.4,4.03,3.51,4.67,3.64,,,,,
05-2012,2.82,3.72,5.38,3.18,2.97,3.34,1.99,3.91,3.35,3.3,4.05,,2.31,,3.37,4.35,3.99,3.42,4.66,3.58,,,,,
06-2012,2.68,3.6,5.45,3.03,2.93,3.29,1.97,3.83,3.27,3.25,3.92,,2.3,,3.5,4.31,3.91,3.41,4.61,3.48,,,,,
07-2012,2.63,3.53,5.16,2.99,2.92,3.23,1.9,3.74,3.02,3.23,3.95,,2.25,,3.32,4.22,3.77,3.35,4.77,3.41,,,,,
08-2012,2.65,3.52,4.91,2.92,2.7,3.19,1.77,3.67,2.88,3.14,3.96,,2.15,,3.43,4.21,3.72,3.14,4.98,3.36,,,,,
09-2012,2.7,3.47,5.03,2.86,2.83,3.05,1.76,3.63,2.9,3.29,3.83,,2.11,,3.5,4.19,3.68,3.06,4.67,3.3,,,,,
10-2012,2.49,3.46,5.08,2.83,2.91,3.01,1.77,3.54,2.81,3.48,3.78,,2.13,,3.38,4.14,3.47,2.98,4.54,3.25,,,,,
11-2012,2.47,3.45,4.98,2.8,2.57,2.93,1.81,3.46,2.79,3.52,3.83,,2.06,,3.33,4.07,3.45,3.1,4.42,3.21,,,,,
12-2012,2.57,3.44,5.06,2.79,2.69,2.77,1.82,3.4,2.93,3.59,3.7,,2.13,,3.42,4.07,3.44,3.04,4.44,3.17,,,,,
01-2013,2.38,3.41,4.92,2.75,2.83,3,1.94,3.33,2.89,3.38,3.71,,2.12,,3.29,4.06,3.33,3.07,4.68,3.14,,,,,
02-2013,2.46,3.43,5.12,2.77,2.65,3.07,2,3.32,2.96,3.35,3.78,,2.1,,3.29,4.03,3.3,3.15,4.47,3.15,,,,,
03-2013,2.47,3.42,4.96,2.78,2.81,3.03,2,3.27,3.07,3.33,3.71,,2.18,,3.21,4.01,3.31,3.16,4.24,3.13,,,,,
04-2013,2.31,3.41,4.96,2.78,2.82,3.03,2.01,3.23,2.95,3.38,3.73,,2.13,,3.12,3.94,3.21,3.13,4.1,3.11,,,,,
05-2013,2.39,3.38,4.54,2.68,2.65,3.02,1.99,3.19,2.73,3.33,3.72,,2.12,,3.16,3.79,3.23,3.12,3.97,3.03,,,,,
06-2013,2.43,3.34,4.97,2.62,2.58,3.01,2.02,3.12,2.69,3.37,3.68,,2.17,,3.23,3.72,3.17,3.2,3.95,2.98,,,,,
07-2013,2.33,3.4,5.19,2.67,2.66,2.96,2.06,3.09,2.73,3.47,3.73,,2.09,,3.24,3.7,3.21,3.23,3.97,3,,,,,
08-2013,2.41,3.41,5.25,2.76,2.61,2.97,2.07,3.08,2.75,3.55,3.72,,2.16,,3.23,3.67,3.24,3.23,4.02,3.03,,,,,
09-2013,2.49,3.44,4.68,2.84,2.84,2.94,2.03,3.11,2.78,3.5,3.72,,2.14,,3.32,3.65,3.14,3.23,3.98,3.06,,,,,
10-2013,2.33,3.54,4.72,2.85,2.73,2.93,2,3.1,2.77,3.5,3.67,,2.15,,3.32,3.62,3.27,3.31,4,3.06,,,,,
11-2013,2.35,3.6,4.62,2.87,2.88,2.98,1.97,3.17,2.68,3.4,3.57,,2.11,,3.15,3.61,3.3,3.28,3.96,3.07,,,,,
12-2013,2.38,3.58,4.59,2.81,2.64,2.97,1.99,3.17,2.77,3.44,3.53,,2.13,,3.1,3.62,3.26,3.33,3.89,3.05,,,,,
01-2014,2.31,3.57,4.58,2.81,2.66,3.16,1.97,3.2,2.71,3.21,3.55,,2.12,3.32,3.21,3.59,3.3,3.35,3.9,3.06,,,,,
02-2014,2.37,3.54,4.55,2.82,2.59,3.09,1.96,3.19,2.72,3.34,3.49,,2.04,3.29,3.12,3.51,3.45,3.37,3.83,3.04,,,,,
03-2014,2.42,3.45,4.46,2.72,2.69,3.11,1.95,3.17,2.86,3.4,3.48,,2.11,3.49,3.05,3.49,3.38,3.34,3.64,3,,,,,
04-2014,2.34,3.4,4.6,2.71,2.66,3,1.95,3.14,2.95,3.36,3.39,,2.08,3.46,2.87,3.5,3.32,3.34,3.55,2.97,,,,,
05-2014,2.38,3.34,4.35,2.62,2.71,2.99,1.93,3.08,2.87,3.36,3.36,,2.02,3.3,2.89,3.43,3.27,3.34,3.43,2.91,,,,,
06-2014,2.4,3.23,4.32,2.55,2.64,3.09,1.84,3.02,2.92,3.33,3.29,,2.03,3.51,3.16,3.35,3.25,3.28,3.41,2.85,,,,,
07-2014,2.31,3.14,4.46,2.46,2.59,2.89,1.83,2.94,3.06,3.46,3.23,,2.06,3.27,2.84,3.33,3.08,3.21,3.44,2.78,,,,,
08-2014,2.29,3.04,4.13,2.41,2.54,2.9,1.77,2.87,3.08,3.4,3.12,,2.05,3.49,2.91,3.31,3.09,3.2,3.38,2.73,,,,,
09-2014,2.28,2.95,4.32,2.31,2.38,2.91,1.66,2.82,3.21,3.57,2.98,,2,3.3,2.8,3.25,3.13,3.15,3.31,2.66,,,,,
10-2014,2.13,2.86,4.6,2.25,2.28,2.81,1.65,2.74,3.01,3.5,2.84,,1.96,3.14,2.87,3.22,3.01,3.01,3.22,2.6,,,,,
11-2014,2.12,2.82,4.26,2.17,2.22,2.69,1.63,2.67,2.78,3.64,2.85,,1.92,3.18,2.57,3.14,3.01,2.96,3,2.53,,,,,
12-2014,2.14,2.7,4.41,2.13,2.22,2.54,1.63,2.6,2.98,3.67,2.78,,1.91,3.14,2.86,3.11,3,2.91,2.95,2.48,,,,,
01-2015,2,2.69,4.47,1.97,2.3,2.58,1.56,2.55,2.59,3.36,2.76,1.91,1.94,3.44,2.94,3.11,2.78,2.83,2.97,2.4,,,,,
02-2015,2.07,2.61,4.44,1.97,2.26,2.49,1.32,2.51,2.45,3.46,2.68,1.99,1.89,3.18,2.76,3.13,2.8,2.62,2.95,2.37,,,,,
03-2015,2.1,2.54,3.81,1.89,2.26,2.33,1.37,2.42,2.76,3.53,2.58,1.99,1.86,3.13,2.72,2.98,2.73,2.63,2.87,2.29,,,,,
04-2015,1.93,2.5,3.68,1.88,2.3,2.28,1.32,2.31,2.51,3.51,2.5,1.93,1.81,3.02,2.64,2.95,2.44,2.59,2.94,2.24,,,,,
05-2015,2.03,2.46,3.53,1.79,2.42,2.25,1.35,2.25,2.97,3.34,2.43,1.82,1.8,3.06,2.77,2.88,2.41,2.58,2.77,2.18,,,,,
06-2015,2.04,2.43,3.43,1.86,2.35,2.18,1.35,2.17,2.91,3.39,2.49,1.83,1.82,2.95,2.8,2.88,2.27,2.51,2.66,2.18,,,,,
07-2015,1.94,2.45,3.33,2,2.29,2.12,1.37,2.15,2.78,3.41,2.5,1.69,1.91,2.97,2.79,2.86,2.26,2.48,2.67,2.22,,,,,
08-2015,2.01,2.45,3.41,2.06,2.41,2.22,1.39,2.18,2.43,3.26,2.56,1.8,1.89,3.05,2.67,2.87,2.22,2.47,2.63,2.26,,,,,
09-2015,2.07,2.44,3.42,2.04,2.3,2.15,1.35,2.21,2.42,3.34,2.44,1.86,1.87,3.09,2.81,2.86,2.22,2.49,2.62,2.25,,,,,
10-2015,2,2.47,3.37,2.05,2.28,2.12,1.33,2.25,2.55,3.52,2.41,1.88,1.86,3.02,2.8,2.82,2.16,2.43,2.63,2.26,,,,,
11-2015,1.99,2.46,3.4,2.02,2.22,2.08,1.28,2.35,2.51,3.47,2.39,1.91,1.85,3.04,2.79,2.83,2.12,2.33,2.61,2.27,,,,,
12-2015,1.99,2.42,3.32,1.95,2.17,1.99,1.27,2.32,2.71,3.39,2.34,1.91,1.81,3.01,2.94,2.76,2.15,2.36,2.55,2.22,,,,,
01-2016,1.94,2.4,3.39,1.98,2.21,2.01,1.24,2.31,2.41,3.31,2.36,1.87,1.81,3.16,2.81,2.79,2.03,2.34,2.57,2.23,,,,,
02-2016,2.01,2.34,3.16,1.96,2.23,2,1.19,2.26,2.59,3.35,2.31,1.86,1.82,3.07,2.92,2.76,2.03,2.31,2.52,2.2,,,,,
03-2016,1.98,2.23,3.14,1.83,2.27,1.95,1.19,2.18,2.65,3.26,2.26,1.91,1.76,2.9,2.8,2.69,2.02,2.23,2.12,2.11,,,,,
04-2016,1.91,2.15,3.21,1.88,2.3,1.93,1.18,2.09,2.64,3.2,2.24,1.96,1.71,2.98,2.72,2.69,1.97,2.21,1.97,2.09,,,,,
05-2016,1.89,2.07,3.13,1.8,2.28,1.95,1.16,1.97,2.77,3.25,2.19,1.89,1.71,2.88,2.76,2.64,1.94,2.19,1.79,2.02,,,,,
06-2016,1.92,2.04,3.01,1.76,2.38,1.92,1.15,1.85,2.7,3.32,2.15,1.96,1.66,2.91,2.95,2.59,1.89,2.15,1.9,1.96,,,,,
07-2016,1.87,2.03,2.98,1.73,2.44,1.91,1.15,1.77,2.76,3.24,2.04,1.97,1.52,2.91,2.74,2.58,1.91,2.13,1.94,1.92,,,,,
08-2016,1.87,2.01,3.05,1.69,2.49,1.97,1.14,1.72,2.57,3.16,2.12,1.99,1.64,2.81,2.71,2.55,1.86,2.15,2,1.9,,,,,
09-2016,1.9,2.02,2.99,1.65,2.37,1.97,1.12,1.68,2.79,3.25,1.97,1.96,1.62,2.86,2.79,2.49,1.81,2.15,1.95,1.86,,,,,
10-2016,1.84,2,2.97,1.62,2.35,1.93,1.12,1.6,2.86,3.19,1.99,2.01,1.64,2.72,2.8,2.4,1.81,2.16,1.95,1.81,,,,,
11-2016,1.84,1.99,2.97,1.61,2.32,1.89,1.12,1.56,2.66,3.24,2,1.94,1.64,2.7,2.87,2.4,1.77,2.16,1.9,1.79,,,,,
12-2016,1.83,2,3.01,1.66,2.2,1.85,1.11,1.5,2.91,3.21,1.97,1.92,1.66,2.71,2.88,2.38,1.8,2.21,1.86,1.78,,,,,
01-2017,1.86,2.03,2.96,1.77,2.17,1.91,1.1,1.5,2.62,3.17,2.03,1.95,1.68,2.68,2.84,2.35,1.76,2.23,1.85,1.81,,,,,
02-2017,1.89,2.05,3,1.82,2.31,1.91,1.1,1.54,2.7,3.17,2.1,1.96,1.73,2.73,2.92,2.38,1.79,2.22,1.87,1.85,,,,,
03-2017,1.86,2.1,2.85,1.82,2.36,1.86,1.08,1.54,2.78,3.13,2.06,2.02,1.74,2.72,2.84,2.4,1.75,2.26,1.87,1.85,,,,,
04-2017,1.86,2.13,2.88,1.85,2.32,1.86,1.06,1.57,2.7,3.23,2.09,2.06,1.73,2.67,2.75,2.42,1.7,2.3,1.9,1.87,,,,,
05-2017,1.87,2.14,2.82,1.83,2.38,1.88,1.05,1.59,2.7,3.19,2.09,2.07,1.78,2.74,2.73,2.43,1.66,2.33,1.84,1.87,,,,,
06-2017,1.85,2.14,2.85,1.82,2.42,1.86,1.04,1.61,2.79,3.21,2.07,2.03,1.75,2.62,2.78,2.42,1.66,2.32,1.78,1.87,,,,,
07-2017,1.86,2.13,2.78,1.82,2.48,1.91,1.05,1.62,2.65,3.23,2.07,2.11,1.77,2.59,2.78,2.44,1.59,2.35,1.88,1.88,,,,,
08-2017,1.85,2.13,2.59,1.87,2.45,2.08,1.03,1.65,2.82,3.19,2.15,2.12,1.77,2.71,2.92,2.42,1.58,2.38,1.83,1.91,,,,,
09-2017,1.83,2.11,2.63,1.86,2.5,1.93,1,1.65,2.79,3.19,2.01,2.17,1.76,2.64,2.87,2.42,1.54,2.41,1.8,1.89,,,,,
10-2017,1.84,2.07,2.74,1.85,2.44,1.92,0.98,1.66,2.59,3.23,2.02,2.07,1.73,2.68,2.84,2.41,1.52,2.41,1.74,1.88,,,,,
11-2017,1.84,2.04,2.58,1.84,2.35,1.9,0.97,1.64,2.89,3.12,1.98,2.22,1.72,2.73,2.81,2.43,1.53,2.41,1.7,1.87,,,,,
12-2017,1.82,2.02,2.52,1.79,2.36,1.84,0.95,1.6,3.35,3.06,1.91,2.3,1.71,2.67,2.83,2.41,1.56,2.41,1.77,1.83,,,,,
01-2018,1.8,2,2.53,1.82,2.38,1.9,0.95,1.61,2.95,3.05,1.93,2.2,1.72,2.71,2.76,2.38,1.44,2.41,1.63,1.84,,,,,
02-2018,1.8,2.01,2.6,1.84,2.4,1.94,0.93,1.61,3.14,3.08,1.92,2.26,1.78,2.7,2.7,2.4,1.46,2.43,1.64,1.84,,,,,
03-2018,1.77,1.99,2.51,1.89,2.39,1.94,0.93,1.58,2.78,3.01,1.89,2.36,1.8,2.75,2.8,2.4,1.5,2.42,1.65,1.84,,,,,
04-2018,1.77,1.98,2.46,1.89,2.41,1.95,0.9,1.57,2.85,2.91,1.83,2.35,1.78,2.78,2.57,2.4,1.47,2.41,1.64,1.83,,,,,
05-2018,1.78,1.98,2.44,1.91,2.5,1.91,0.88,1.57,2.91,3.07,1.83,2.38,1.77,2.79,2.64,2.41,1.47,2.43,1.57,1.83,,,,,
06-2018,1.8,1.93,2.31,1.89,2.61,1.87,0.87,1.55,2.94,3.07,1.79,2.48,1.77,2.77,2.63,2.46,1.46,2.41,1.51,1.82,,,,,
07-2018,1.81,1.9,2.46,1.88,2.55,1.87,0.89,1.54,3.01,3.05,1.79,2.49,1.75,2.77,2.72,2.43,1.36,2.44,1.53,1.81,,,,,
08-2018,1.8,1.84,2.38,1.87,2.59,2,0.89,1.53,2.89,3,1.87,2.52,1.73,2.82,2.62,2.41,1.36,2.42,1.53,1.81,,,,,
09-2018,1.8,1.8,2.35,1.86,2.59,1.94,0.88,1.51,2.98,2.98,1.79,2.35,1.76,2.7,2.63,2.41,1.36,2.42,1.5,1.79,,,,,
10-2018,1.79,1.82,2.24,1.86,2.51,1.98,0.89,1.51,2.99,2.98,1.87,2.3,1.72,2.72,2.64,2.42,1.34,2.4,1.47,1.8,,,,,
11-2018,1.79,1.86,2.27,1.88,2.48,2.01,0.89,1.5,3.15,2.97,1.9,2.42,1.74,2.82,2.69,2.43,1.36,2.44,1.46,1.81,,,,,
12-2018,1.81,1.88,2.12,1.85,2.53,1.97,0.89,1.48,3.27,2.97,1.88,2.4,1.67,2.7,2.76,2.41,1.41,2.44,1.45,1.8,,,,,
01-2019,1.77,1.89,2.16,1.86,2.46,2.06,0.89,1.5,3.16,2.99,1.95,2.47,1.71,2.76,2.59,2.41,1.47,2.45,1.47,1.82,,,,,
02-2019,1.75,1.91,2.2,1.78,2.51,2.09,0.85,1.51,3.15,2.97,1.91,2.36,1.69,2.75,2.65,2.44,1.49,2.44,1.48,1.8,,,,,
03-2019,1.77,1.89,2.18,1.74,2.58,2.1,0.85,1.5,3.16,2.98,1.82,2.5,1.64,2.97,2.62,2.43,1.39,2.45,1.48,1.78,,,,,
04-2019,1.71,1.84,2.05,1.68,2.6,2.14,0.83,1.49,3.12,3,1.86,2.52,1.62,2.91,2.67,2.37,1.36,2.45,1.49,1.75,,,,,
05-2019,1.7,1.83,2.07,1.63,2.61,2.16,0.82,1.44,3.2,3.01,1.85,2.44,1.61,2.73,2.72,2.33,1.31,2.46,1.49,1.72,,,,,
06-2019,1.67,1.8,2.09,1.58,2.62,2.08,0.79,1.39,3.19,2.97,1.77,2.44,1.57,2.58,2.69,2.3,1.34,2.43,1.48,1.67,,,,,
07-2019,1.66,1.79,2.07,1.5,2.69,1.97,0.78,1.34,3.27,2.96,1.7,2.48,1.52,2.72,2.7,2.25,1.26,2.4,1.42,1.61,,,,,
08-2019,1.6,1.76,2.11,1.38,2.76,1.99,0.76,1.31,3.31,2.93,1.7,2.42,1.47,2.75,2.6,2.21,1.11,2.36,1.35,1.56,,,,,
09-2019,1.53,1.71,2.12,1.29,2.61,1.87,0.75,1.27,3.1,2.95,1.43,2.45,1.41,2.74,2.66,2.16,1,2.31,1.32,1.48,,,,,
10-2019,1.43,1.69,2.07,1.27,2.65,1.82,0.75,1.23,2.96,2.92,1.39,2.42,1.37,2.67,2.66,2.09,1.02,2.28,1.28,1.44,,,,,
11-2019,1.4,1.68,2.09,1.27,2.5,1.77,0.78,1.2,2.86,2.88,1.41,2.37,1.34,2.63,2.58,2.39,1.06,2.25,1.14,1.47,,,,,
12-2019,1.42,1.65,2.1,1.29,2.45,1.68,0.78,1.17,2.87,2.89,1.43,2.37,1.35,2.6,2.57,2,1.09,2.25,1.1,1.41,,,,,
01-2020,1.39,1.69,2.06,1.34,2.59,1.8,0.8,1.17,2.8,2.88,1.44,2.36,1.39,2.53,2.78,1.98,1.06,2.23,1.09,1.43,,,,,
02-2020,1.38,1.73,2.02,1.29,2.59,1.8,0.77,1.19,2.85,2.88,1.4,2.36,1.38,2.6,2.69,1.92,1.05,2.19,1.08,1.41,,,,,
03-2020,1.4,1.72,2.09,1.23,2.44,1.8,0.81,1.19,2.71,2.78,1.37,2.28,1.39,2.3,2.76,1.91,1.01,2.15,1.1,1.39,,,,,
04-2020,1.35,1.66,2.1,1.26,2.38,1.72,0.89,1.36,2.49,2.8,1.4,2.26,1.38,2.28,2.65,1.87,1.04,2.38,1.17,1.43,,,,,
05-2020,1.32,1.61,2.08,1.31,2.6,1.76,0.82,1.26,2.79,2.85,1.33,2.32,1.35,2.76,2.66,1.88,1.13,2.29,1.18,1.42,,,,,
06-2020,1.4,1.57,2.05,1.34,2.71,1.79,0.79,1.26,2.76,2.79,1.28,2.35,1.34,2.68,2.34,1.86,1.17,2.17,1.16,1.42,,,,,
07-2020,1.32,1.53,2.03,1.27,2.65,1.75,0.78,1.29,2.75,2.84,1.27,2.35,1.35,2.78,2.2,1.86,1.1,2.1,1.18,1.4,,,,,
08-2020,1.28,1.51,2.06,1.24,2.71,1.78,0.77,1.31,2.75,2.85,1.33,2.32,1.33,2.7,2.21,1.89,0.99,1.99,1.18,1.4,,,,,
09-2020,1.29,1.49,2.11,1.22,2.61,1.72,0.75,1.3,2.7,2.83,1.27,2.32,1.31,2.72,2.46,1.88,0.92,1.97,1.16,1.38,,,,,
10-2020,1.25,1.48,2.12,1.19,2.47,1.7,0.75,1.28,2.75,2.82,1.27,2.27,1.3,2.64,2.17,1.87,0.88,1.93,1.11,1.36,,,,,
11-2020,1.25,1.49,2.08,1.18,2.4,1.64,0.73,1.27,2.65,2.81,1.28,2.24,1.3,2.53,2.33,1.85,0.84,1.96,1.05,1.35,,,,,
12-2020,1.26,1.47,2.15,1.16,2.38,1.5,0.75,1.24,2.69,2.79,1.25,2.21,1.25,2.5,2.13,1.84,0.79,1.96,1.02,1.32,,,,,
01-2021,1.22,1.46,2.1,1.19,2.34,1.55,0.75,1.24,2.44,2.79,1.27,2.2,1.28,2.45,1.87,1.79,0.78,1.89,1.03,1.33,,,,,
02-2021,1.17,1.44,2.13,1.18,2.26,1.52,0.74,1.21,2.66,2.81,1.29,2.23,1.29,2.48,1.87,1.76,0.75,1.87,1.02,1.31,,,,,
03-2021,1.18,1.43,2.16,1.19,2.23,1.53,0.74,1.18,2.68,2.81,1.37,2.19,1.28,2.48,2.12,1.75,0.84,1.78,1,1.31,,,,,
04-2021,1.19,1.43,2.16,1.23,2.25,1.51,0.73,1.15,2.61,2.7,1.38,2.19,1.32,2.48,1.93,1.71,0.85,1.73,1.02,1.31,,,,,
05-2021,1.2,1.43,2.19,1.27,2.29,1.49,0.73,1.14,2.82,2.79,1.4,2.18,1.32,2.43,2.96,1.7,0.86,1.71,1,1.32,,,,,
06-2021,1.23,1.44,2.13,1.3,2.25,1.46,0.72,1.12,2.71,2.77,1.42,2.2,1.34,2.46,2.02,1.68,0.84,1.7,0.98,1.32,,,,,
07-2021,1.21,1.45,2.2,1.31,2.28,1.43,0.75,1.12,2.72,2.73,1.4,2.19,1.35,2.49,1.95,1.68,0.83,1.73,0.97,1.32,,,,,
08-2021,1.19,1.47,2.16,1.27,2.25,1.54,0.73,1.12,2.77,2.76,1.46,2.15,1.35,2.49,1.94,1.66,0.82,1.69,0.97,1.32,,,,,
,,,,,,,,,,,,,,,,,,,,,,,,,
,,,,,,,,,,,,,,,,,,,,,,,,,
"Data relating to ""Chart 2. Change in house prices""",,,,,,,,,,,,,,,,,,,,,,,,,
Data Source in SDW: https://sdw.ecb.de/browseSelection.do?org.apache.struts.taglib.html.TOKEN=8151aed968a76d23a441476db70c7a24&df=true&ec=&dc=&oc=&pb=&rc=&DATASET=0&DATASET=1&DATASET=2&removeItem=&removedItemList=&mergeFilter=&activeTab=BISM&showHide=&MAX_DOWNLOAD_SERIES=500&SERIES_MAX_NUM=50&node=bbn3807&legendRef=reference&legendPub=published,,,,,,,,,,,,,,,,,,,,,,,,,
,RESR.Q.AT._T.N._TR.TVAL.4F0.TB.N.IX,RESR.Q.BE._T.N.XTR.TVAL.BE2.TB.N.IX,RESR.Q.CY._T.N._TR.TVAL.4D0.TB.N.IX,RESR.Q.DE._T.N._TR.TVAL.10.TB.N.IX,RESR.Q.EE._T.N._TR.TVAL.EE1.TB.N.IX,RESR.Q.ES._T.N._TR.TVAL.4D0.TB.N.IX,RESR.Q.FI._T.N._TR.TVAL.4D0.TB.N.IX,RESR.Q.FR._T.N.XTR.TVAL.FR1.TB.N.IX,RESR.Q.GR._T.N.RTF.TVAL.GR2.TB.N.IX,RESR.Q.IE._T.N._TR.TVAL.4D0.TB.N.IX,RESR.Q.IT._T.N._TR.TVAL.IT2.TB.N.IX,RESR.Q.LT._T.N._TR.TVAL.4D0.TB.N.IX,RESR.Q.LU._T.N._TR.TVAL.4D0.TB.N.IX,RESR.Q.LV._T.N._TR.TVAL.LV1.TB.N.IX,RESR.Q.MT._T.N._TR.TVAL.4D0.TB.N.IX,RESR.Q.NL._T.N._TR.TVAL.4D0.TB.N.IX,RESR.Q.PT._T.N._TR.TVAL.4D0.TB.N.IX,RESR.Q.SI._T.N._TR.TVAL.SI1.TB.N.IX,RESR.Q.SK._T.N.XTR.TVAL.SK2.TB.N.IX,RESR.Q.I8._T.N._TR.TVAL.4F0.TB.N.IX,,,,,
,Annual growth rate in house prices,,,,,,,,,,,,,,,,,,,,,,,,
,"Eurostat and national statistics, ECB calculations.",,,,,,,,,,,,,,,,,,,,,,,,
,Austria,Belgium,Cyprus,Germany,Estonia,Spain,Finland,France,Greece,Ireland,Italy,Lithuania,Luxembourg,Latvia,Malta,Netherlands,Portugal,Slovenia,Slovakia,Euro area,,,,,
Period\Unit:,[Percentage change],[Percentage change],[Percentage change],[Percentage change],[Percentage change],[Percentage change],[Percentage change],[Percentage change],[Percentage change],[Percentage change],[Percentage change],[Percentage change],[Percentage change],[Percentage change],[Percentage change],[Percentage change],[Percentage change],[Percentage change],[Percentage change],[Percentage change],,,,,
Q2-2012,90.8%,36.4%,-8.7%,74.3%,115.5%,2.5%,14.6%,15.3%,-21.5%,56.5%,-14.8%,76.8%,103.9%,80.8%,48.0%,45.2%,57.5%,22.3%,64.0%,31.3%,,,,,
Q2-2013,65.1%,33.2%,-1.8%,68.5%,100.3%,22.0%,12.4%,15.5%,-11.9%,88.9%,-13.0%,78.4%,95.9%,77.2%,50.1%,54.0%,71.7%,29.7%,67.7%,33.3%,,,,,
Q2-2014,57.2%,30.9%,-0.7%,63.5%,85.1%,36.4%,11.0%,18.1%,0.0%,90.6%,-6.7%,74.2%,87.2%,64.3%,49.1%,67.5%,76.2%,36.0%,66.7%,36.5%,,,,,
Q2-2015,50.0%,32.3%,0.5%,59.4%,61.7%,35.3%,11.3%,19.8%,9.0%,63.5%,-1.8%,63.6%,78.4%,52.5%,44.9%,65.4%,66.4%,50.8%,69.0%,35.4%,,,,,
Q2-2016,47.9%,29.4%,3.5%,52.6%,46.3%,30.1%,11.4%,23.0%,14.7%,43.7%,3.0%,58.1%,69.2%,59.9%,39.8%,60.5%,61.6%,45.6%,66.6%,33.6%,,,,,
Q2-2017,35.0%,27.6%,4.9%,43.7%,43.7%,25.2%,10.4%,22.3%,17.7%,35.2%,2.3%,52.9%,60.2%,46.1%,30.7%,53.6%,52.0%,44.9%,58.3%,28.7%,,,,,
Q2-2018,30.3%,23.5%,1.3%,36.7%,37.1%,18.6%,8.6%,18.6%,18.9%,22.3%,3.2%,38.7%,50.6%,33.8%,23.4%,42.8%,40.7%,33.9%,47.5%,23.4%,,,,,
Q2-2019,24.1%,18.7%,0.1%,27.1%,27.7%,11.1%,7.4%,15.4%,17.4%,8.6%,3.6%,29.2%,43.3%,23.1%,16.3%,30.8%,26.5%,24.3%,40.3%,17.6%,,,,,
Q2-2020,17.6%,14.3%,-7.7%,18.5%,20.8%,5.4%,6.2%,11.9%,9.1%,6.0%,3.7%,21.2%,28.6%,14.1%,9.4%,20.7%,14.9%,15.7%,31.9%,12.7%,,,,,
Q2-2021,11.8%,8.6%,-4.9%,10.9%,16.1%,3.1%,5.4%,5.8%,4.7%,5.6%,0.4%,13.3%,13.6%,12.4%,5.3%,12.8%,6.6%,9.9%,18.6%,7.3%,,,,,
,,,,,,,,,,,,,,,,,,,,,,,,,
,,,,,,,,,,,,,,,,,,,,,,,,,
,,,,,,,,,,,,,,,,,,,,,,,,,
,,,,,,,,,,,,,,,,,,,,,,,,,
,,,,,,,,,,,,,,,,,,,,,,,,,
,,,,,,,,,,,,,,,,,,,,,,,,,
"Data relating to ""Chart 3a. Indices of house prices""",,,,,,,,,,,,,,,,,,,,,,,,,
Data Source in SDW: https://sdw.ecb.de/browseSelection.do?org.apache.struts.taglib.html.TOKEN=8151aed968a76d23a441476db70c7a24&df=true&ec=&dc=&oc=&pb=&rc=&DATASET=0&DATASET=1&DATASET=2&removeItem=&removedItemList=&mergeFilter=&activeTab=BISM&showHide=&MAX_DOWNLOAD_SERIES=500&SERIES_MAX_NUM=50&node=bbn3807&legendRef=reference&legendPub=published,,,,,,,,,,,,,,,,,,,,,,,,,
,RESR.Q.AT._T.N._TR.TVAL.4F0.TB.N.IX,RESR.Q.BE._T.N.XTR.TVAL.BE2.TB.N.IX,RESR.Q.CY._T.N._TR.TVAL.4D0.TB.N.IX,RESR.Q.DE._T.N._TR.TVAL.10.TB.N.IX,RESR.Q.EE._T.N._TR.TVAL.EE1.TB.N.IX,RESR.Q.ES._T.N._TR.TVAL.4D0.TB.N.IX,RESR.Q.FI._T.N._TR.TVAL.4D0.TB.N.IX,RESR.Q.FR._T.N.XTR.TVAL.FR1.TB.N.IX,RESR.Q.GR._T.N.RTF.TVAL.GR2.TB.N.IX,RESR.Q.IE._T.N._TR.TVAL.4D0.TB.N.IX,RESR.Q.IT._T.N._TR.TVAL.IT2.TB.N.IX,RESR.Q.LT._T.N._TR.TVAL.4D0.TB.N.IX,RESR.Q.LU._T.N._TR.TVAL.4D0.TB.N.IX,RESR.Q.LV._T.N._TR.TVAL.LV1.TB.N.IX,RESR.Q.MT._T.N._TR.TVAL.4D0.TB.N.IX,RESR.Q.NL._T.N._TR.TVAL.4D0.TB.N.IX,RESR.Q.PT._T.N._TR.TVAL.4D0.TB.N.IX,RESR.Q.SI._T.N._TR.TVAL.SI1.TB.N.IX,RESR.Q.SK._T.N.XTR.TVAL.SK2.TB.N.IX,RESR.Q.I8._T.N._TR.TVAL.4F0.TB.N.IX,,,,,
,House prices (Residential property prices),,,,,,,,,,,,,,,,,,,,,,,,
,"Eurostat statistics, ECB statistics and calculations",,,,,,,,,,,,,,,,,,,,,,,,
,Austria,Belgium,Cyprus,Germany,Estonia,Spain,Finland,France,Greece,Ireland,Italy,Lithuania,Luxembourg,Latvia,Malta,Netherlands,Portugal,Slovenia,Slovakia,Euro area (changing composition),,,,,
Period\Unit:,[2011=100],[2011=100],[2011=100],[2011=100],[2011=100],[2011=100],[2011=100],[2011=100],[2011=100],[2011=100],[2011=100],[2011=100],[2011=100],[2011=100],[2011=100],[2011=100],[2011=100],[2011=100],[2011=100],[2011=100],,,,,
Q1-2011,100,100,100,100,100,100,100,100,100,100,100,100,100,100,100,100,100,100,100,100,,,,,
Q2-2011,97,101,102,100,103,99,102,102,98,95,102,101,102,102,102,99,98,100,99,100,,,,,
Q3-2011,102,103,100,102,105,95,102,105,96,89,102,101,102,105,103,98,96,97,99,101,,,,,
Q4-2011,102,103,96,102,106,90,101,103,93,84,101,101,106,101,100,96,93,97,98,100,,,,,
Q1-2012,111,103,95,103,107,86,103,102,89,80,101,101,105,103,102,95,92,93,98,99,,,,,
Q2-2012,112,103,95,104,111,83,104,102,87,79,100,100,107,104,101,93,90,94,97,99,,,,,
Q3-2012,114,104,99,104,114,80,104,103,84,80,98,101,107,106,108,89,89,92,98,98,,,,,
Q4-2012,114,105,97,105,112,79,104,101,81,80,96,100,110,107,106,90,89,88,99,98,,,,,
Q1-2013,116,104,94,106,116,75,105,100,79,78,93,101,110,108,103,87,88,89,98,96,,,,,
Q2-2013,118,105,94,107,120,74,105,100,77,78,93,102,112,112,102,86,87,90,98,97,,,,,
Q3-2013,119,106,92,108,126,75,105,100,75,82,92,100,113,113,106,86,88,85,97,97,,,,,
Q4-2013,119,105,90,107,130,74,104,99,73,85,91,103,115,116,105,86,90,84,96,96,,,,,
Q1-2014,121,104,88,108,136,74,104,98,72,86,89,105,113,119,105,86,91,83,97,96,,,,,
Q2-2014,124,104,93,110,137,75,105,98,71,91,89,109,117,121,105,87,93,81,96,97,,,,,
Q3-2014,122,107,92,111,143,75,104,99,70,98,87,111,119,125,107,87,92,80,97,98,,,,,
Q4-2014,122,106,91,112,143,75,104,97,69,101,86,108,120,111,110,88,92,81,97,97,,,,,
Q1-2015,125,106,87,114,147,75,104,96,69,101,84,109,121,111,108,88,92,82,98,97,,,,,
Q2-2015,125,106,90,115,152,78,105,96,67,103,84,113,123,115,108,89,95,84,98,99,,,,,
Q3-2015,127,109,92,116,149,78,105,97,66,107,85,114,125,115,116,91,95,81,99,100,,,,,
Q4-2015,131,109,89,117,150,78,104,96,66,108,84,112,125,118,119,91,97,81,99,100,,,,,
Q1-2016,135,107,87,119,150,79,104,96,66,109,84,113,127,119,113,93,98,83,100,101,,,,,
Q2-2016,137,108,89,122,154,81,106,96,65,110,85,116,130,126,116,93,101,84,103,102,,,,,
Q3-2016,136,110,91,124,160,82,106,98,65,115,85,120,132,127,121,96,103,85,105,104,,,,,
Q4-2016,137,111,92,125,161,82,105,98,65,117,85,123,135,128,125,97,104,86,106,105,,,,,
Q1-2017,138,113,89,126,161,84,106,98,65,119,84,125,136,130,119,99,106,88,108,105,,,,,
Q2-2017,142,112,92,128,162,85,107,99,65,121,84,128,139,137,123,100,110,91,110,107,,,,,
Q3-2017,142,114,92,131,167,87,107,102,65,128,84,131,139,138,127,103,113,92,111,109,,,,,
Q4-2017,143,114,94,133,169,88,107,101,65,131,84,131,140,138,132,105,115,95,111,109,,,,,
Q1-2018,149,116,92,135,172,89,107,101,65,133,83,134,144,145,125,108,119,97,114,110,,,,,
Q2-2018,149,116,93,138,174,91,109,102,66,137,84,138,146,149,130,110,122,98,116,112,,,,,
Q3-2018,154,119,92,142,174,93,108,105,66,140,83,139,149,148,135,113,123,100,116,114,,,,,
Q4-2018,154,119,96,143,179,94,108,104,67,141,83,141,153,153,140,115,126,103,119,115,,,,,
Q1-2019,156,120,97,145,182,95,108,104,69,139,83,145,154,154,134,117,130,104,122,115,,,,,
Q2-2019,158,120,101,148,184,96,110,105,71,140,84,147,162,161,138,119,134,105,124,117,,,,,
Q3-2019,157,123,95,150,188,98,109,108,72,142,84,148,166,166,143,120,136,107,127,119,,,,,
Q4-2019,158,124,95,153,194,97,109,108,72,142,83,150,170,166,148,122,137,108,127,120,,,,,
Q1-2020,161,126,98,155,203,98,110,109,73,141,84,154,176,168,141,124,143,109,133,121,,,,,
Q2-2020,166,127,98,158,191,98,111,111,74,141,87,157,184,164,144,127,145,111,137,123,,,,,
Q3-2020,172,129,93,161,196,99,111,114,74,141,84,158,189,169,146,130,145,111,142,125,,,,,
Q4-2020,174,133,98,166,203,99,112,115,74,143,85,164,198,170,150,133,148,113,147,127,,,,,
Q1-2021,181,135,92,169,216,99,114,116,76,145,85,172,206,172,148,138,151,117,153,128,,,,,
Q2-2021,186,138,93,175,222,101,117,118,77,148,87,178,209,184,152,143,154,122,163,132,,,,,
,,,,,,,,,,,,,,,,,,,,,,,,,
,,,,,,,,,,,,,,,,,,,,,,,,,
"Data relating to ""Chart 3b. Harmonised consumer prices (HICP)""",,,,,,,,,,,,,,,,,,,,,,,,,
Data Source in SDW: https://sdw.ecb.europa.eu/browseSelection.do?type=series&q=ICP.M.%3f.N.000000.4.INX&node=SEARCHRESULTS&ec=&oc=&rc=&cv=&pb=&dc=&df=,,,,,,,,,,,,,,,,,,,,,,,,,
,HICP - Overall index,,,,,,,,,,,,,,,,,,,,,,,,
,"Eurostat statistics, ECB statistics and calculations",,,,,,,,,,,,,,,,,,,,,,,,
,ICP.M.AT.N.000000.4.INX,ICP.M.BE.N.000000.4.INX,ICP.M.CY.N.000000.4.INX,ICP.M.DE.N.000000.4.INX,ICP.M.EE.N.000000.4.INX,ICP.M.ES.N.000000.4.INX,ICP.M.FI.N.000000.4.INX,ICP.M.FR.N.000000.4.INX,ICP.M.GR.N.000000.4.INX,ICP.M.IE.N.000000.4.INX,ICP.M.IT.N.000000.4.INX,ICP.M.LT.N.000000.4.INX,ICP.M.LU.N.000000.4.INX,ICP.M.LV.N.000000.4.INX,ICP.M.MT.N.000000.4.INX,ICP.M.NL.N.000000.4.INX,ICP.M.PT.N.000000.4.INX,ICP.M.SI.N.000000.4.INX,ICP.M.SK.N.000000.4.INX,ICP.M.U2.N.000000.4.INX,,,,,
,Austria,Belgium,Cyprus,Germany,Estonia,Spain,Finland,France,Greece,Ireland,Italy,Lithuania,Luxembourg,Latvia,Malta,Netherlands,Portugal,Slovenia,Slovakia,Euro area (changing composition),,,,,
Period\Unit:,[2011=100],[2011=100],[2011=100],[2011=100],[2011=100],[2011=100],[2011=100],[2011=100],[2011=100],[2011=100],[2011=100],[2011=100],[2011=100],[2011=100],[2011=100],[2011=100],[2011=100],[2011=100],[2011=100],[2011=100],,,,,
02-2011,100,100,100,100,100,100,100,100,100,100,100,100,100,100,100,100,100,100,100,100,,,,,
03-2011,101,100,101,101,101,102,101,101,103,100,102,101,101,101,102,101,102,101,100,101,,,,,
04-2011,102,101,102,101,102,103,101,101,104,101,103,102,101,102,104,102,102,102,101,102,,,,,
05-2011,102,101,103,101,102,103,101,101,104,101,103,103,101,102,105,102,102,103,101,102,,,,,
06-2011,102,101,104,101,102,103,101,101,104,101,103,103,101,102,106,101,102,102,101,102,,,,,
07-2011,101,100,102,101,102,102,100,101,102,100,102,103,100,102,105,102,102,101,101,101,,,,,
08-2011,101,101,102,101,103,102,101,101,101,101,102,102,102,102,107,102,102,101,101,102,,,,,
09-2011,102,101,103,101,103,103,101,101,104,101,104,103,102,102,106,102,102,102,101,102,,,,,
10-2011,102,102,104,101,103,103,101,102,105,101,105,103,102,102,105,102,103,103,102,103,,,,,
11-2011,102,102,104,101,103,104,101,102,105,101,105,103,102,102,103,102,103,103,102,103,,,,,
12-2011,103,102,104,102,103,104,101,102,105,101,105,103,102,102,103,102,103,103,102,103,,,,,
01-2012,102,101,103,102,104,102,102,102,103,100,103,103,102,103,102,102,103,102,104,102,,,,,
02-2012,103,103,103,103,104,102,103,103,102,102,103,104,103,103,103,103,104,103,104,103,,,,,
03-2012,104,103,105,103,106,104,104,103,105,103,106,105,104,104,104,104,105,104,104,104,,,,,
04-2012,104,104,106,103,106,105,104,104,105,103,107,105,104,105,108,105,105,105,105,105,,,,,
05-2012,104,103,107,103,106,105,104,104,105,103,107,105,104,105,109,105,105,105,105,104,,,,,
06-2012,104,103,107,103,106,105,104,104,105,102,107,105,104,105,110,104,105,105,105,104,,,,,
07-2012,103,102,106,103,107,104,104,103,103,102,105,105,103,104,110,104,105,104,105,104,,,,,
08-2012,104,104,107,104,107,104,104,104,102,103,105,106,105,104,110,104,105,105,105,104,,,,,
09-2012,105,104,107,104,107,106,105,104,105,103,108,106,105,104,109,105,105,106,105,105,,,,,
10-2012,105,104,107,104,108,107,105,104,106,103,108,106,105,104,109,106,105,106,106,105,,,,,
11-2012,105,104,106,103,107,107,105,104,105,102,108,106,105,104,107,105,105,106,106,105,,,,,
12-2012,106,104,106,104,107,107,105,104,105,103,108,106,105,104,106,105,105,106,106,105,,,,,
01-2013,105,102,105,104,108,105,105,103,103,102,106,106,104,104,104,105,104,105,106,104,,,,,
02-2013,105,105,105,104,109,105,106,104,102,103,106,106,106,104,104,106,104,106,106,105,,,,,
03-2013,106,105,106,105,110,107,106,105,104,103,108,106,106,104,106,108,106,106,106,106,,,,,
04-2013,106,105,106,104,110,107,106,105,105,103,108,107,106,104,109,108,106,107,106,106,,,,,
05-2013,106,105,107,104,110,107,106,105,105,103,108,107,106,104,110,108,106,107,107,106,,,,,
06-2013,106,105,108,105,111,107,106,105,105,103,109,107,106,105,111,107,106,107,107,106,,,,,
07-2013,106,104,106,105,111,106,106,104,103,103,107,106,105,105,111,108,106,107,107,105,,,,,
08-2013,106,105,107,105,111,106,106,105,101,103,107,106,106,104,111,107,105,107,106,106,,,,,
09-2013,107,105,107,105,110,107,106,105,104,103,109,107,107,104,110,107,105,107,106,106,,,,,
10-2013,107,105,106,105,110,107,107,105,104,103,109,107,106,104,109,107,105,107,106,106,,,,,
11-2013,107,105,105,105,109,107,107,105,102,103,108,107,106,104,107,107,105,107,106,106,,,,,
12-2013,108,106,104,106,109,107,107,105,103,103,109,106,106,104,107,107,105,107,106,106,,,,,
01-2014,107,104,103,105,110,105,107,104,102,102,106,106,105,104,105,106,104,106,106,105,,,,,
02-2014,107,106,104,105,110,105,107,105,101,103,106,106,107,104,106,107,104,106,106,105,,,,,
03-2014,108,106,105,106,110,107,107,105,103,103,108,107,107,105,107,108,105,107,106,106,,,,,
04-2014,108,106,106,105,110,107,108,105,103,103,109,107,107,105,109,108,105,107,106,107,,,,,
05-2014,108,105,107,105,111,107,107,105,103,103,109,107,107,105,110,108,106,108,106,106,,,,,
06-2014,108,106,108,106,111,107,107,105,103,104,109,107,107,106,112,108,106,108,107,107,,,,,
07-2014,107,104,107,106,111,106,107,105,102,104,107,107,106,105,111,108,105,107,106,106,,,,,
08-2014,107,106,108,106,111,106,107,105,101,104,106,107,107,105,112,108,105,107,106,106,,,,,
09-2014,108,105,107,106,111,107,108,105,103,104,108,107,107,105,111,108,105,107,106,106,,,,,
10-2014,108,105,107,106,110,107,108,105,102,103,109,107,107,105,110,108,105,107,106,106,,,,,
11-2014,109,105,105,106,109,107,108,105,101,103,109,107,106,104,107,107,105,107,106,106,,,,,
12-2014,109,105,103,106,109,106,108,105,100,103,109,106,105,104,107,107,105,107,106,106,,,,,
01-2015,107,103,102,104,109,104,107,104,99,102,106,105,104,104,106,105,104,105,106,104,,,,,
02-2015,107,105,103,105,110,104,107,105,99,102,106,105,106,104,107,106,104,105,106,105,,,,,
03-2015,109,106,104,106,110,106,108,105,101,103,108,106,107,105,108,107,106,106,106,106,,,,,
04-2015,109,106,104,106,111,106,108,106,101,103,109,106,107,106,111,108,106,106,106,107,,,,,
05-2015,109,106,105,107,111,107,107,106,101,104,109,107,107,106,112,109,107,107,106,107,,,,,
06-2015,109,106,105,107,111,107,107,106,102,104,109,107,108,106,113,108,106,107,106,107,,,,,
07-2015,109,105,105,107,111,105,107,105,101,104,107,106,106,105,113,109,106,106,106,106,,,,,
08-2015,108,106,106,107,111,105,107,106,101,104,107,105,107,105,113,108,106,106,106,106,,,,,
09-2015,109,106,105,107,110,105,107,105,102,104,109,106,107,105,112,108,106,106,106,107,,,,,
10-2015,109,106,105,107,110,106,108,105,102,103,109,107,107,105,112,108,106,106,106,107,,,,,
11-2015,109,107,103,106,110,106,107,105,101,103,109,106,107,105,109,107,106,106,106,106,,,,,
12-2015,110,107,103,106,109,106,107,105,101,103,109,106,106,104,109,107,105,106,105,106,,,,,
01-2016,109,105,101,105,109,103,107,104,99,102,106,106,105,104,107,105,104,104,105,105,,,,,
02-2016,108,107,101,105,110,103,107,104,99,102,106,105,106,104,108,106,104,105,105,105,,,,,
03-2016,110,107,101,106,111,105,108,105,100,103,108,107,106,104,109,108,106,105,105,106,,,,,
04-2016,110,108,102,106,111,105,108,105,101,103,108,107,106,105,112,108,107,106,106,106,,,,,
05-2016,110,108,103,107,111,106,108,106,101,103,109,107,107,106,113,108,107,107,106,107,,,,,
06-2016,110,108,103,107,112,106,108,106,102,104,109,107,107,106,114,108,107,107,106,107,,,,,
07-2016,109,107,104,108,112,105,108,106,101,104,107,106,106,105,114,108,106,106,105,107,,,,,
08-2016,109,109,105,107,112,105,108,106,101,104,107,106,107,105,114,108,106,106,105,107,,,,,
09-2016,110,108,104,107,112,106,108,106,102,103,109,107,107,105,113,108,107,106,105,107,,,,,
10-2016,111,109,104,108,112,106,108,106,102,103,109,107,107,106,112,108,107,107,105,107,,,,,
11-2016,111,108,103,107,112,107,108,106,101,103,109,108,107,106,110,108,106,107,106,107,,,,,
12-2016,112,109,103,108,112,107,108,106,101,103,109,108,108,106,110,108,106,107,106,107,,,,,
01-2017,111,108,102,106,112,106,108,106,101,102,107,108,107,106,109,107,106,106,106,107,,,,,
02-2017,111,110,102,107,114,106,109,106,101,103,108,109,109,107,109,108,105,107,106,107,,,,,
03-2017,112,110,103,108,114,107,108,107,102,103,110,110,109,108,110,109,108,107,106,108,,,,,
04-2017,112,110,104,108,115,108,109,107,103,104,110,111,109,108,113,110,109,108,107,108,,,,,
05-2017,112,110,104,108,115,108,109,107,102,103,110,111,109,109,114,109,109,108,107,108,,,,,
06-2017,112,110,104,109,115,108,109,107,103,104,110,111,109,109,115,109,108,108,107,109,,,,,
07-2017,111,109,104,109,116,107,108,106,102,104,108,111,108,108,115,110,108,107,107,108,,,,,
08-2017,111,111,105,109,117,107,109,107,102,104,108,111,109,108,116,110,108,108,107,108,,,,,
09-2017,113,110,105,109,116,107,109,107,103,103,110,112,109,108,115,109,109,108,107,109,,,,,
10-2017,113,111,104,109,116,108,109,107,103,103,110,112,110,109,114,110,109,108,107,109,,,,,
11-2017,113,111,103,108,116,108,109,107,102,103,110,112,110,109,111,109,108,109,108,109,,,,,
12-2017,114,111,102,109,116,108,109,107,102,103,110,112,110,109,111,109,108,109,108,109,,,,,
01-2018,113,110,100,108,116,107,109,107,101,102,109,112,109,109,110,109,107,108,109,108,,,,,
02-2018,113,112,102,109,117,107,109,107,101,103,108,112,110,109,110,110,106,109,109,108,,,,,
03-2018,114,112,102,109,117,108,109,109,102,104,111,113,110,110,112,110,108,109,109,109,,,,,
04-2018,114,112,104,110,118,109,110,109,103,104,111,113,110,111,114,111,109,110,110,110,,,,,
05-2018,115,113,105,111,119,110,110,109,103,104,111,114,111,111,116,111,110,111,110,111,,,,,
06-2018,115,113,106,111,120,110,110,109,104,104,112,114,111,112,118,111,110,111,110,111,,,,,
07-2018,114,112,106,112,120,109,110,109,103,105,110,113,110,111,118,112,110,110,110,110,,,,,
08-2018,114,114,107,112,121,109,110,110,102,105,110,113,112,111,119,112,109,110,110,111,,,,,
09-2018,115,113,106,112,121,110,110,110,104,105,112,114,112,112,118,111,111,110,110,111,,,,,
10-2018,116,114,106,112,121,111,111,110,104,104,112,115,113,112,116,112,110,111,110,111,,,,,
11-2018,116,114,104,111,120,110,111,109,103,104,112,115,112,112,113,111,109,111,110,111,,,,,
12-2018,116,114,103,111,120,110,110,109,103,104,112,114,112,111,113,111,109,110,110,111,,,,,
01-2019,115,112,103,110,119,108,110,109,101,103,110,114,110,112,111,111,107,109,111,109,,,,,
02-2019,115,114,102,110,120,108,111,109,102,104,109,114,112,112,112,112,107,110,111,110,,,,,
03-2019,116,114,104,111,120,110,111,110,103,105,112,116,113,113,113,113,109,111,112,111,,,,,
04-2019,116,114,105,112,122,111,111,110,104,105,112,117,113,114,116,114,110,112,112,112,,,,,
05-2019,117,114,105,112,122,111,111,111,104,105,112,117,114,115,118,114,111,112,113,112,,,,,
06-2019,116,114,106,113,123,111,111,111,104,105,113,117,113,115,120,114,111,113,113,112,,,,,
07-2019,116,113,106,113,123,110,111,111,103,105,110,116,112,114,120,115,109,112,113,112,,,,,
08-2019,116,115,108,113,123,110,111,111,103,106,110,116,114,114,121,115,109,112,113,112,,,,,
09-2019,117,114,106,113,123,110,111,111,104,105,112,117,114,114,120,114,111,112,113,112,,,,,
10-2019,117,114,105,113,123,111,112,111,104,105,112,117,114,114,118,115,110,112,113,112,,,,,
11-2019,117,114,105,112,122,111,112,111,103,105,112,117,114,114,114,114,109,112,113,112,,,,,
12-2019,118,115,104,113,122,111,112,111,104,105,112,117,114,114,114,114,109,112,113,112,,,,,
01-2020,117,113,103,112,121,109,111,111,102,104,110,118,113,114,112,113,108,112,115,111,,,,,
02-2020,117,115,103,112,122,109,112,111,102,105,110,118,114,114,113,114,108,112,115,111,,,,,
03-2020,118,115,104,112,121,110,112,111,103,105,112,117,113,115,114,114,109,111,115,112,,,,,
04-2020,118,114,104,113,121,110,111,111,103,105,112,118,112,114,118,115,110,110,115,112,,,,,
05-2020,117,114,104,113,120,110,111,111,103,104,112,117,112,114,119,115,110,111,115,112,,,,,
06-2020,118,115,104,114,121,111,111,111,102,105,112,118,113,114,121,116,111,112,115,112,,,,,
07-2020,118,115,104,113,121,109,112,112,101,105,111,117,112,114,121,117,109,112,115,112,,,,,
08-2020,117,114,105,113,122,109,112,111,100,104,110,117,113,114,122,116,109,112,115,111,,,,,
09-2020,118,115,104,112,122,109,112,111,102,104,111,117,113,114,120,115,110,111,115,112,,,,,
10-2020,118,115,104,112,121,110,112,111,102,104,112,117,113,114,119,116,110,112,115,112,,,,,
11-2020,119,115,104,111,121,110,112,111,101,104,112,117,113,113,115,115,109,111,115,111,,,,,
12-2020,119,115,103,112,121,110,112,111,101,104,112,117,113,113,114,115,109,111,115,112,,,,,
01-2021,119,114,102,113,122,110,112,112,100,104,111,118,114,114,113,115,108,111,115,112,,,,,
02-2021,119,115,103,114,123,109,113,112,100,105,111,118,114,114,113,116,108,111,116,112,,,,,
03-2021,120,117,104,115,122,111,113,112,101,105,113,119,116,115,114,116,110,112,116,113,,,,,
04-2021,121,117,105,115,123,112,114,113,102,106,113,120,116,116,118,117,110,112,117,114,,,,,
05-2021,121,117,105,116,124,113,114,113,102,106,113,121,116,117,119,117,111,113,117,114,,,,,
06-2021,121,118,106,116,126,113,113,113,103,106,114,122,117,117,121,118,111,114,118,114,,,,,
07-2021,121,117,107,117,127,112,114,113,102,107,112,122,116,118,121,118,110,114,118,114,,,,,
08-2021,121,119,108,117,128,113,114,114,102,108,113,123,117,118,122,119,110,114,119,115,,,,,
09-2021,122,119,108,117,129,114,114,114,104,108,114,125,118,119,121,119,111,114,119,115,,,,,
